city | count
Кишинев | 6
Пос Октябрьский | 5
Д. Щеглово | 5
Пос Некрасовка | 5
С. Карагай | 5
Пос Санатория Им Герцена | 4
С. Павлово | 4
Запрудня Рп. | 4
Богородицк | 4
Шенкурск | 4
Д. Трубичино | 4
Белогорск | 4
Нижние Серги | 4
Пос Игра | 4
Д. Котерево | 4
Gais | 4
Павлово-Посадский Р-Н | 4
Талдом | 4
York | 4
Салтыковка Мкр. | 4
Марий Эл Респ | 4
Майкоп | 4
Назарово | 4
Lyon | 4
Находка | 4
Каспийск | 4
Жигулевск | 4
Бишкек | 4
Голицыно | 4
Hamm | 4
Сергиево-Посадский Р-Н | 4
Bollene | 4
Зеленоградск | 4
Коркино | 4
Крым Респ | 4
Лосино-Петровский | 4
Село Карагай | 4
Пос Сылва | 4
Тарту | 4
Saintes | 4
Респ Бурятия | 4
Борисоглебск | 4
Невьянск | 4
Ставропольский Край. | 4
Чапаевск | 4
Медногорск | 4
Харьков | 4
Курчатов | 4
Звенигово | 4
Черноголовка | 4
Адыгейск | 4
Белозерск | 4
Цивильск | 4
Новосибирский Р-Н | 4
Хотьково | 4
Усть-Лабинск | 3
Д. Керро | 3
Хабаровский Край. | 3
Ныроб Пгт. | 3
Село Юсьва | 3
Пос Марковский | 3
Пос Голый Мыс | 3
Бокситогорск | 3
Село Частые | 3
Пос Тельмана | 3
С. Мильково | 3
Д. Большая Вруда | 3
Село Фролы | 3
Наро-Фоминский Р-Н | 3
Minsk | 3
Усть-Катав | 3
Тотьма | 3
Нижняя Салда | 3
Cairo | 3
Заря Мкр. | 3
Brescia | 3
Vantaa | 3
С. Корткерос | 3
Сухой Ло | 3
Им Свердлова Пгт. | 3
Barcelona | 3
Мурмаши Пгт. | 3
Им Морозова Массив | 3
Вяртсиля Пгт. | 3
Касимов | 3
Нововоронеж | 3
Гусев | 3
Полярные Зори | 3
Ленинск-Кузнецкий | 3
Ростов | 3
Рп Ильинский | 3
Уссурийск | 3
Игринское С/Мо | 3
С. Молочное | 3
Vilnius | 3
Нелидово | 3
Жуков | 3
Pirkkala | 3
Д. Кондратово | 3
Chisinau | 3
Kokkola | 3
Камчатский Край. | 3
Tartu | 3
Сумы | 3
Урай | 3
Bremen | 3
Bologna | 3
Лянтор | 3
Чувашская Респ | 3
Д. Михайловская | 3
Ливны | 3
Кропоткин | 3
Ленинский Р-Н | 3
Кордон Уфимское Лесн-Во Нп. | 3
Cambrils | 3
Cartagena | 3
Д. Канисты | 3
Umbria / Gubbio | 3
Великий Устюг | 3
Пос Измайловская Пасека | 3
Lissone | 3
Павлово | 3
Костромской Р-Н | 3
Инта | 3
Agordo-Bl | 3
Жлобин | 3
Тында | 3
Стамбул | 3
Д. Горбунки | 3
Среднеуральск | 3
Короча | 3
Пос Нерастанное | 3
Д. Лаголово | 3
Волосово | 3
Мышкин | 3
Д. Турлатово | 3
Пос Вруда | 3
Геленджик | 3
Боталово-2 Жилрайон | 3
Пос Восточный | 3
Нерехта | 3
Frankfurt Am Main | 3
Nõo Vald | 3
Пос Солнечный | 3
Батайск | 3
Д. Лесколово | 3
Усть-Каменогорск | 3
Пос Отрадное | 3
Сибай | 3
Пос Усть-Ижора | 3
Адлер | 3
Петропавловск | 3
Якшур-Бодья | 3
Нахабино | 3
Кулебаки | 3
Кувандык | 3
Унеча | 3
Дюртюли | 3
С. Озерецкое | 3
Talgar | 3
Мехико | 3
Ессентуки | 3
Крестцы Рп. | 3
Шлиссельбург | 3
Краснозатонский Пгт. | 3
Высокая Гора | 3
Ставропольский Край | 3
Рославль | 3
Кузнечное Пгт. | 3
Пос Видяево | 3
Тейково | 3
Копейск | 3
Лахти | 3
Нурлат | 3
Новоорск | 3
Электрогорск | 3
Ожерелье | 3
Тучково | 3
Santa Coloma De Gramanet | 3
Приморский Край. | 3
Елово | 3
Shenzhen | 3
Арск | 3
Печоры | 3
Сысерть | 3
Минская Обл | 3
Аксубаево | 3
Красноярский Край | 3
П Белгород | 3
Лесосибирск | 3
Село Гамово | 3
Данилов | 3
Д Хабаровск | 3
Биробиджан | 3
Брянская Обл | 3
Prague | 3
Деревня Кондратово | 3
Стаханов | 3
Säynätsalo | 2
Oslo | 2
